<?xml version="1.0" encoding="UTF-8"?>
<Configuration>
    <Appenders>
        <Console name="console" target="SYSTEM_OUT">
            <PatternLayout pattern="%d %5p [%c] %m%n" />
        </Console>
<!--        <RollingFile name="file" fileName="./logs/all.log" filePattern="./logs/all.%i.%d{yyyy-MM-dd}.log">
            <PatternLayout pattern="%d{HH:mm:ss.SSS} [%t] %-5level %logger{36} - %msg%n" />
            <Policies>
                <SizeBasedTriggeringPolicy size="10MB" /> 이 용량이 초과되면 아래 DefaultRolloverStrategy 정책만큼 넘버링
            </Policies>
            <DefaultRolloverStrategy max="100" fileIndex="min" />0부터 1000개 까지만 생성
        </RollingFile> -->
    </Appenders>
    <Loggers>
        <Logger name="java.lang.Exception" level="DEBUG" additivity="true">
            <AppenderRef ref="console" />
            <!-- <AppenderRef ref="file" /> -->
        </Logger>
        <Logger name="java.sql" level="DEBUG" additivity="false">
            <AppenderRef ref="console" />
            <!-- <AppenderRef ref="file" /> -->
        </Logger>
        <Logger name="egovframework" level="DEBUG" additivity="false">
            <AppenderRef ref="console" />
            <!-- <AppenderRef ref="file" /> -->
        </Logger>
          <!-- log SQL with timing information, post execution -->
        <Logger name="jdbc.sqlonly" level="DEBUG" additivity="false">
            <AppenderRef ref="console"/>
        </Logger>
        <Logger name="jdbc.sqltiming" level="DEBUG" additivity="false">
            <AppenderRef ref="console" />
            <!-- <AppenderRef ref="file" /> -->
        </Logger>
        <Logger name="org.springframework" level="DEBUG" additivity="false">
            <AppenderRef ref="console" />
            <!-- <AppenderRef ref="file" /> -->
        </Logger>

        <Logger name="jdbc.audit" level="off" />
        <Logger name="jdbc.resultset" level="off" />
        <Logger name="jdbc.resultsettable" level="off" />
        <Logger name="org.mybatis.spring.SqlSessionUtils" level="off" />
        <Logger name="org.springframework.jdbc.datasource.DataSourceTransactionManager" level="off" />
        <Logger name="org.mybatis.spring.transaction.SpringManagedTransaction" level="off" />

        <Root level="DEBUG">
            <AppenderRef ref="console" />
            <!-- <AppenderRef ref="file" /> -->
        </Root>
    </Loggers>
</Configuration>
