<?xml version="1.0" encoding="UTF-8"?>
<!DOCTYPE mapper PUBLIC "-//mybatis.com//DTD Mapper 3.0//EN" "http://mybatis.org/dtd/mybatis-3-mapper.dtd">

<mapper namespace="Sample">

    <sql id="sampleWhere">
        <if test="searchCondition == 'userId' and searchKeyword != ''">
           AND TU.USER_ID = #{userId}
        </if>
    </sql>

    <select id="selectSample" parameterType="com.neo.convergence.mngr.sample.model.SampleVO" resultType="com.neo.convergence.mngr.sample.model.SampleVO">
        /* Sample.selectSample */
        SELECT TU.USER_ID
             , TD.DEPT_NM
          FROM TN_USER TU 
          JOIN TN_DEPT TD 
            ON TU.DEPT_SN = TD.DEPT_SN
         WHERE 1 = 1
        <include refid="sampleWhere"/>
    </select>

    <insert id="insertSample" parameterType="com.neo.convergence.mngr.sample.model.SampleVO">
        /* Sample.insertSample */
        INSERT INTO TN_USER (
            USER_ID
          , USER_NM
        ) VALUES (
            #{userId}
          , #{userNm}
        )
    </insert>

    <update id="updateSample" parameterType="com.neo.convergence.mngr.sample.model.SampleVO">
        /* Sample.updateSample */
        UPDATE TN_USER TU
           SET TU.USER_NM = #{userNm}
             , TU.UPDT_DT = SYSDATE
             , TU.UPDUSR_ID = #{userId}
         WHERE TU.USER_ID = #{userId}
    </update>

    <delete id="deleteSample" parameterType="com.neo.convergence.mngr.sample.model.SampleVO">
        /* Sample.deleteSample */
        DELETE FROM TN_USER TU
         WHERE TU.USER_ID = #{userId}
    </delete>
</mapper>