<?xml version="1.0" encoding="UTF-8"?>
<beans xmlns="http://www.springframework.org/schema/beans"
    xmlns:xsi="http://www.w3.org/2001/XMLSchema-instance"
    xsi:schemaLocation="http://www.springframework.org/schema/beans http://www.springframework.org/schema/beans/spring-beans-3.0.xsd">

    <!--
     1. 시스템명 : NeoLIMS
     2. 작성일 : 2017.04.26
     3. 처리내용 : SMS발송
    -->
    <!-- <bean id="smscontrol" class="org.springframework.scheduling.quartz.MethodInvokingJobDetailFactoryBean">
        <property name="targetObject" ref="SmsScheduleController" />
        <property name="targetMethod" value="insertSms" />
        <property name="concurrent" value="false" />
    </bean>
    <bean id="smsTrigger" class="org.springframework.scheduling.quartz.CronTriggerBean">
        <property name="jobDetail" ref="smscontrol" />
        SMS 일괄발송 테스트 (매시간 0분 0초)
        <property name="cronExpression" value="0 0 3 * * ?"/>
    </bean>  -->
    <!--
     1. 시스템명 : NeoLIMS
     2. 작성일 : 2017.04.27
     3. 처리내용 : EMAIL발송
    -->
    <!--
     1. 트리거 실행
    -->
    <!-- <bean id="schedulerFactoryBean" class="org.springframework.scheduling.quartz.SchedulerFactoryBean">
        <property name="triggers">
            <list>
                <ref bean="smsTrigger"/>
            </list>
        </property>
    </bean> -->
</beans>
