<?xml version="1.0" encoding="UTF-8"?>
<beans xmlns="http://www.springframework.org/schema/beans"
    xmlns:xsi="http://www.w3.org/2001/XMLSchema-instance"
    xmlns:context="http://www.springframework.org/schema/context"
    xmlns:task="http://www.springframework.org/schema/task"
    xsi:schemaLocation="http://www.springframework.org/schema/beans http://www.springframework.org/schema/beans/spring-beans-4.0.xsd
        http://www.springframework.org/schema/context http://www.springframework.org/schema/context/spring-context-4.0.xsd
        http://www.springframework.org/schema/task http://www.springframework.org/schema/task/spring-task-4.0.xsd">

    <context:component-scan base-package="com, egovframework.rte.fdl">
       <context:exclude-filter type="annotation" expression="org.springframework.stereotype.Controller" />
    </context:component-scan>

    <bean id="egovMessageSource" class="com.neo.convergence.common.EgovMessageSource">
        <property name="reloadableResourceBundleMessageSource">
            <ref bean="messageSource" />
        </property>
    </bean>

    <bean id="messageSource" class="org.springframework.context.support.ReloadableResourceBundleMessageSource">
        <property name="basenames">
            <list>
                <value>classpath:/egovframework/message/message-common</value>
                <value>classpath:/egovframework/rte/fdl/property/messages/properties</value>
                <value>classpath:/egovframework/egovProps/globals</value>
            </list>
        </property>
        <property name="cacheSeconds">
            <value>60</value>
        </property>
    </bean>

    <bean id="leaveaTrace" class="egovframework.rte.fdl.cmmn.trace.LeaveaTrace">
        <property name="traceHandlerServices">
            <list>
                <ref bean="traceHandlerService" />
            </list>
        </property>
    </bean>

    <bean id="traceHandlerService" class="egovframework.rte.fdl.cmmn.trace.manager.DefaultTraceHandleManager">
        <property name="reqExpMatcher">
            <ref bean="antPathMater" />
        </property>
        <property name="patterns">
            <list>
                <value>*</value>
            </list>
        </property>
        <property name="handlers">
            <list>
                <ref bean="defaultTraceHandler" />
            </list>
        </property>
    </bean>

    <bean id="antPathMater" class="org.springframework.util.AntPathMatcher" />
    <bean id="defaultTraceHandler" class="egovframework.rte.fdl.cmmn.trace.handler.DefaultTraceHandler" />

    <bean id="multipartResolver" class="org.springframework.web.multipart.commons.CommonsMultipartResolver">
        <property name="maxUploadSize" value="1073741824" />
        <property name="maxInMemorySize" value="1048576" />
    </bean>

    <task:annotation-driven executor="testExecutor"/>
    <task:executor id="testExecutor" pool-size="5-10" queue-capacity="100" rejection-policy="ABORT"/>
</beans>
